"product_id","product_name","churned_customers","active_customers","churn_customer_percentage"
"22290",STANDING METAL RABBIT WITH EGG,10,10,50.00
"21542",WOODLAND WATER TRANSFER TATTOOS ,11,14,44.00
"21718",RED METAL BEACH SPADE ,15,22,40.54
"21224",SET/4 SKULL BADGES,8,12,40.00
"21410",COUNTRY COTTAGE  DOORSTOP GREEN,10,16,38.46
"21355",TOAST ITS - I LOVE YOU ,18,30,37.50
"21384",IVORY HANGING DECORATION  BUTTERFLY,12,20,37.50
"72756",FAIRY CAKE CANDLES,10,18,35.71
"21679",SKULLS  STICKERS,16,29,35.56
"22331",WOODLAND PARTY BAG + STICKER SET,16,29,35.56
"21397",BLUE  SPOTTY EGG CUP ,7,13,35.00
"21898",POTTING SHED ROSE CANDLE,7,13,35.00
"21159",MOODY BOY  DOOR HANGER ,9,17,34.62
"21869",POTTING SHED COFFEE MUG,9,17,34.62
"84989A","75 GREEN FAIRY CAKE CASES",10,19,34.48
"21249",WOODLAND  HEIGHT CHART STICKERS ,8,16,33.33
"21437","24 HANGING EASTER EGGS FLORAL TUB",7,14,33.33
"22066",LOVE HEART TRINKET POT,10,20,33.33
"22127",PARTY CONES CARNIVAL ASSORTED,11,22,33.33
"20703",BLUE PADDED SOFT MOBILE,13,27,32.50
"37500",TEA TIME TEAPOT IN GIFT BOX,12,25,32.43
"47591C",BLUE FAIRY CAKE CHILD'S APRON,10,21,32.26
"84510A",SET OF 4 ENGLISH ROSE COASTERS,9,19,32.14
"21114",LAVENDER SCENTED FABRIC HEART,22,47,31.88
"15044C",PURPLE PAPER PARASOL,7,15,31.82
"21469",POLKA DOT RAFFIA FOOD COVER,7,15,31.82
"22099",CARAVAN SQUARE TISSUE BOX,7,15,31.82
"84795C",OCEAN STRIPE HAMMOCK ,7,15,31.82
"85206B",PINK FELT EASTER EGG BASKET,11,24,31.43
"21896",POTTING SHED TWINE,10,22,31.25
"22236",CAKE STAND 3 TIER MAGIC GARDEN,20,44,31.25
"15039",SANDALWOOD FAN,9,20,31.03
"37502",TEA TIME MUG IN GIFT BOX,9,20,31.03
"85063",CREAM SWEETHEART MAGAZINE RACK,9,20,31.03
"22088",PAPER BUNTING COLOURED LACE,19,43,30.65
"21897",POTTING SHED CANDLE CITRONELLA,7,16,30.43
"21972",SET OF 36 DINOSAUR PAPER DOILIES,7,16,30.43
"22120",WELCOME  WOODEN BLOCK LETTERS,7,16,30.43
"22224",WHITE LOVEBIRD LANTERN,14,32,30.43
"22172",METAL SHELF WITH RAIL ,10,23,30.30
"20718",RED RETROSPOT SHOPPER BAG,26,60,30.23
"21710",FOLDING UMBRELLA  PINK/WHITE  SPOT,6,14,30.00
"22249",DECORATION WHITE CHICK MAGIC GARDEN,6,14,30.00
"72807B",SET/3 OCEAN SCENT CANDLE JEWEL BOX,6,14,30.00
"85231E",STRAWBERRY SCENTED SET/9 T-LIGHTS,6,14,30.00
"90167",BEADED LOVE HEART JEWELLERY SET,6,14,30.00
"21534",DAIRY MAID LARGE MILK JUG,10,24,29.41
"21826",EIGHT PIECE DINOSAUR SET,12,29,29.27
"17165D",ASS COL LARGE SAND FROG P'WEIGHT,7,17,29.17
"21215", IVORY PAPER CUP CAKE CASES ,7,17,29.17
"84536B",FAIRY CAKES NOTEBOOK A7 SIZE,7,17,29.17
"84837",WHITE SWEETHEARTS CABINET 4 DRAWERS,7,17,29.17
"21054",NURSE'S BAG SOFT TOY,11,27,28.95
"21077",SET/20 WOODLAND PAPER NAPKINS ,10,25,28.57
"21115",ROSE CARAVAN DOORSTOP,14,35,28.57
"21471",STRAWBERRY RAFFIA FOOD COVER,8,20,28.57
"21661",VINTAGE GLASS TEA CADDY,6,15,28.57
"21749",LARGE RED RETROSPOT WINDMILL,8,20,28.57
"21830",ASSORTED CREEPY CRAWLIES,10,25,28.57
"22217",T-LIGHT HOLDER HANGING LACE,8,20,28.57
"82597",BOMBS AWAY METAL SIGN,12,30,28.57
"84012",MAGIC SHEEP WOOL GROWING FROM PAPER,6,15,28.57
"22353",LUNCH BOX WITH CUTLERY FAIRY CAKES ,19,48,28.36
"21039",RED RETROSPOT SHOPPING BAG,9,23,28.13
"22285","DECORATION HEN ON NEST, HANGING",9,23,28.13
"84519A",TOMATO CHARLIE+LOLA COASTER SET,7,18,28.00
"21756",BATH BUILDING BLOCK WORD,18,47,27.69
"22329",ROUND CONTAINER SET OF 5 RETROSPOT,18,47,27.69
"21248",DOOR HANGER  MUM + DADS ROOM,8,21,27.59
"22146",EASTER CRAFT IVY WREATH WITH CHICK,8,21,27.59
"84596F",SMALL MARSHMALLOWS PINK BOWL,8,21,27.59
"20702",PINK PADDED MOBILE,14,37,27.45
"85065",CREAM SWEETHEART TRAYS,14,37,27.45
"22357",KINGS CHOICE BISCUIT TIN,17,45,27.42
"20996",JAZZ HEARTS ADDRESS BOOK,6,16,27.27
"21912",VINTAGE SNAKES & LADDERS,24,64,27.27
"22093",MOTORING TISSUE BOX,6,16,27.27
"22125",UNION JACK HOT WATER BOTTLE ,9,24,27.27
"22128",PARTY CONES CANDY ASSORTED,6,16,27.27
"22415",WHITE TISSUE REAM,12,32,27.27
"22494",EMERGENCY FIRST AID TIN ,12,32,27.27
"22522",CHILDS GARDEN FORK BLUE ,12,32,27.27
"84509B",FAIRY CAKE PLACEMATS,6,16,27.27
"85174",S/4 CACTI CANDLES,9,24,27.27
"22087",PAPER BUNTING WHITE LACE,22,59,27.16
"85061W",WHITE JEWELLED HEART DECORATION,16,43,27.12
"20886",BOX OF 9 PEBBLE CANDLES,10,27,27.03
"21715",GIRLS VINTAGE TIN SEASIDE BUCKET,10,27,27.03
"22302",COFFEE MUG PEARS  DESIGN,10,27,27.03
"22495",SET OF 2 ROUND TINS CAMEMBERT ,10,27,27.03
"15044B",BLUE PAPER PARASOL ,7,19,26.92
"40016",CHINESE DRAGON PAPER LANTERNS,7,19,26.92
"84050",PINK HEART SHAPE EGG FRYING PAN,20,55,26.67
"22350",CAT BOWL ,9,25,26.47
"21622",VINTAGE UNION JACK CUSHION COVER,23,64,26.44
"22464",HANGING METAL HEART LANTERN,19,53,26.39
"21868",POTTING SHED TEA MUG,24,67,26.37
"22021",BLUE FELT EASTER EGG BASKET,10,28,26.32
"21590",KINGS CHOICE CIGAR BOX MATCHES ,16,45,26.23
"22358",KINGS CHOICE TEA CADDY ,17,48,26.15
"21717",EASTER TIN BUCKET,6,17,26.09
"22321",BIRD DECORATION RED RETROSPOT,6,17,26.09
"21203",BUTTERFLIES  HONEYCOMB GARLAND,7,20,25.93
"22060",LARGE CAKE STAND HANGING HEARTS,7,20,25.93
"22091",EMPIRE TISSUE BOX,7,20,25.93
"22362",GLASS JAR PEACOCK BATH SALTS,7,20,25.93
"21260",FIRST AID TIN,15,43,25.86
"21987",PACK OF 6 SKULL PAPER CUPS,8,23,25.81
"22208",WOOD STAMP SET THANK YOU,8,23,25.81
"21675",BUTTERFLIES STICKERS,9,26,25.71
"22132",RED LOVE HEART SHAPE CUP,9,26,25.71
"22519",CHILDS GARDEN BRUSH PINK,9,26,25.71
"84270",ASSTD DESIGN BUBBLE GUM RING,19,55,25.68
"21495",SKULLS AND CROSSBONES WRAP,10,29,25.64
"22334",DINOSAUR PARTY BAG + STICKER SET,10,29,25.64
"22115",METAL SIGN EMPIRE TEA,11,32,25.58
"85040B",SET/4 BLUE FLOWER CANDLES IN BOWL,11,32,25.58
"21544",SKULLS  WATER TRANSFER TATTOOS ,13,38,25.49
"21243",PINK  POLKADOT PLATE ,14,41,25.45
"22168",ORGANISER WOOD ANTIQUE WHITE ,14,41,25.45
"21108",FAIRY CAKE FLANNEL ASSORTED COLOUR,15,44,25.42
"22138",BAKING SET 9 PIECE RETROSPOT ,46,135,25.41
"21871",SAVE THE PLANET MUG,16,47,25.40
"15036",ASSORTED COLOURS SILK FAN,17,50,25.37
"21110",LARGE CAKE TOWEL PINK SPOTS,8,24,25.00
"21153",RED SPOTTY TABLECLOTH ,7,21,25.00
"21241",GREEN SPOTTY CUP,9,27,25.00
"21244",BLUE  SPOTTY PLATE ,14,42,25.00
"21358",TOAST ITS - HAPPY BIRTHDAY,7,21,25.00
"21407",BROWN CHECK CAT DOORSTOP ,12,36,25.00
"21558",SKULL LUNCH BOX WITH CUTLERY ,13,39,25.00
"21765",HANGING METAL BIRD BATH,9,27,25.00
"21992",VINTAGE PAISLEY STATIONERY SET,7,21,25.00
"22098",BOUDOIR SQUARE TISSUE BOX,6,18,25.00
"22107",PIZZA PLATE IN BOX,6,18,25.00
"22241","GARLAND , WOODEN  "" HAPPY EASTER""",11,33,25.00
"22275",WEEKEND BAG VINTAGE ROSE PAISLEY,13,39,25.00
"22426",ENAMEL WASH BOWL CREAM,8,24,25.00
"22496",SET OF 2 ROUND TINS DUTCH CHEESE,6,18,25.00
"22612",TEA COSY VINTAGE UNION JACK,7,21,25.00
"79323GR",GREEN CHERRY LIGHTS,6,18,25.00
"84327A",PINK JUMPER LARRY THE LAMB,5,15,25.00
"84459B",YELLOW METAL CHICKEN HEART ,6,18,25.00
"84849B",FAIRY SOAP SOAP HOLDER,9,27,25.00
"84975",HEART SHAPED MIRROR,9,27,25.00
"85036A",GARDENIA 1 WICK MORRIS BOXED CANDLE,5,15,25.00
"22367",CHILDRENS APRON SPACEBOY DESIGN,26,79,24.76
"21844",RED RETROSPOT MUG,17,52,24.64
"22498",WOODEN REGATTA BUNTING,13,40,24.53
"22561",WOODEN SCHOOL COLOURING SET,26,80,24.53
"72351A",SET/6 TURQUOISE BUTTERFLY T-LIGHTS,13,40,24.53
"22296",HEART IVORY TRELLIS LARGE,25,77,24.51
"22185",SLATE TILE NATURAL HANGING,12,37,24.49
"22365",DOOR MAT RESPECTABLE HOUSE,12,37,24.49
"21658",GLASS  BEURRE DISH,11,34,24.44
"21746",SMALL RED RETROSPOT WINDMILL,10,31,24.39
"21125",SET 6 FOOTBALL CELEBRATION CANDLES,9,28,24.32
"21716",BOYS VINTAGE TIN SEASIDE BUCKET,9,28,24.32
"22524",CHILDRENS GARDEN GLOVES BLUE,9,28,24.32
"85049B",LUSH GREENS RIBBONS,18,56,24.32
"15056P",EDWARDIAN PARASOL PINK,8,25,24.24
"21482",MUSHROOM BLUE HOT WATER BOTTLE,8,25,24.24
"21611",SET OF 12 LILY BOTANICAL T-LIGHTS,8,25,24.24
"21613",S/12 VANILLA  BOTANICAL T-LIGHTS,8,25,24.24
"21624",VINTAGE UNION JACK DOORSTOP,15,47,24.19
"22167", OVAL WALL MIRROR DIAMANTE ,7,22,24.14
"22319",HAIRCLIPS FORTIES FABRIC ASSORTED,7,22,24.14
"37503",TEA TIME CAKE STAND IN GIFT BOX,19,60,24.05
"21878",PACK OF 6 SANDCASTLE FLAGS ASSORTED,6,19,24.00
"22341",LOVE GARLAND PAINTED ZINC ,6,19,24.00
"82605",OLD DOC RUSSEL METAL SIGN,6,19,24.00
"10133",COLOURING PENCILS BROWN TUBE,5,16,23.81
"18097C",WHITE TALL PORCELAIN T-LIGHT HOLDER,5,16,23.81
"21126",SET OF 6 GIRLS CELEBRATION CANDLES,10,32,23.81
"21589",SWALLOW GIANT TUBE MATCHES,5,16,23.81
"21770",OPEN CLOSED METAL SIGN,10,32,23.81
"22194",BLACK DINER WALL CLOCK,5,16,23.81
"22442",GROW YOUR OWN FLOWERS SET OF 3,5,16,23.81
"84791",GINGHAM HEART DECORATION,5,16,23.81
"21829",DINOSAUR KEYRINGS ASSORTED,9,29,23.68
"22611",VINTAGE UNION JACK SHOPPING BAG,9,29,23.68
"85206A",CREAM FELT EASTER EGG BASKET,9,29,23.68
"84987",SET OF 36 TEATIME PAPER DOILIES,20,65,23.53
"21136",PAINTED METAL PEARS ASSORTED,18,59,23.38
"48111",DOOR MAT 3 SMILEY CATS,18,59,23.38
"21059",PARTY INVITES DINOSAURS,7,23,23.33
"22136",LOVE HEART SOCK HANGER,7,23,23.33
"22550",HOLIDAY FUN LUDO,7,23,23.33
"84971S",SMALL HEART FLOWERS HOOK ,10,33,23.26
"85231B",CINAMMON SET OF 9 T-LIGHTS,10,33,23.26
"20750", RED/WHITE DOT MINI CASES,24,80,23.08
"21206",STRAWBERRY HONEYCOMB  GARLAND ,6,20,23.08
"21326",AGED GLASS SILVER T-LIGHT HOLDER,12,40,23.08
"22222",CAKE PLATE LOVEBIRD WHITE,9,30,23.08
"72807C",SET/3 VANILLA SCENTED CANDLE IN BOX,6,20,23.08
"17003",BROCADE RING PURSE ,8,27,22.86
"22477",WATERING CAN GARDEN MARKER,8,27,22.86
"21657",MILK BOTTLE WITH GLASS STOPPER ,5,17,22.73
"21677",HEARTS  STICKERS,5,17,22.73
"22227","DECORATION, HANGING HEART+MIRROR ",10,34,22.73
"22305",COFFEE MUG PINK PAISLEY DESIGN,5,17,22.73
"22514",CHILDS GARDEN SPADE BLUE,5,17,22.73
"35001W",HAND OPEN SHAPE DECO.WHITE,5,17,22.73
"37495",FAIRY CAKE BIRTHDAY CANDLE SET,10,34,22.73
"85176",SEWING SUSAN 21 NEEDLE SET,5,17,22.73
"85231L",LAVENDER SCENTED SET/9 T-LIGHTS,5,17,22.73
"21240",BLUE  SPOTTY CUP,14,48,22.58
"22085",PAPER CHAIN KIT SKULLS ,7,24,22.58
"22094",RED POLKA DOT TISSUE BOX,7,24,22.58
"72802B",OCEAN SCENT CANDLE IN JEWELLED BOX,7,24,22.58
"37447",CERAMIC CAKE DESIGN SPOTTED PLATE,9,31,22.50
"21499",BLUE POLKADOT WRAP,13,45,22.41
"22276",WASH BAG VINTAGE ROSE PAISLEY,13,45,22.41
"22073",RED RETROSPOT STORAGE JAR,15,52,22.39
"71459",HANGING JAM JAR T-LIGHT HOLDER,21,73,22.34
"15056N",EDWARDIAN PARASOL NATURAL,20,70,22.22
"21906",PHARMACIE FIRST AID TIN,12,42,22.22
"22052",VINTAGE CARAVAN GIFT WRAP,6,21,22.22
"22361",GLASS JAR DAISY FRESH COTTON WOOL,6,21,22.22
"22379",RECYCLING BAG RETROSPOT ,24,84,22.22
"22398",MAGNETS PACK OF 4 SWALLOWS,8,28,22.22
"37449",CERAMIC CAKE STAND + HANGING CAKES,10,35,22.22
"46000S",POLYESTER FILLER PAD 40x40cm,8,28,22.22
"47568",ENGLISH ROSE DESIGN PEG BAG,14,49,22.22
"84840",SWEETHEART CARRY-ALL BASKET,6,21,22.22
"21527",RED RETROSPOT TRADITIONAL TEAPOT ,25,88,22.12
"84839",SWEETHEART KEY CABINET,17,60,22.08
"21361",LOVE LARGE WOOD LETTERS ,11,39,22.00
"21577",SAVE THE PLANET COTTON TOTE BAG,11,39,22.00
"21124",SET/10 BLUE POLKADOT PARTY CANDLES,20,71,21.98
"47580",TEA TIME DES TEA COSY,9,32,21.95
"37446",MINI CAKE STAND WITH HANGING CAKES,7,25,21.88
"84077",WORLD WAR 2 GLIDERS ASSTD DESIGNS,19,68,21.84
"22327",ROUND SNACK BOXES SET OF 4 SKULLS,12,43,21.82
"21238",RED RETROSPOT CUP,15,54,21.74
"21356",TOAST ITS - FAIRY FLOWER,5,18,21.74
"21593",SWALLOW CIGAR BOX MATCHES ,5,18,21.74
"22364",GLASS JAR DIGESTIVE BISCUITS,5,18,21.74
"72800F","4 IVORY DINNER CANDLES GOLD FLOCK",5,18,21.74
"72802A",ROSE SCENT CANDLE IN JEWELLED BOX,5,18,21.74
"84763",ZINC FINISH 15CM PLANTER POTS,5,18,21.74
"85038","6 CHOCOLATE LOVE HEART T-LIGHTS",10,36,21.74
"85040A",S/4 PINK FLOWER CANDLES IN BOWL,10,36,21.74
M,Manual,20,72,21.74
"82581",TOILET METAL SIGN,18,65,21.69
"82578",KITCHEN METAL SIGN,13,47,21.67
"72008",FROSTED BOX 9 WHITE T-LIGHT CANDLES,8,29,21.62
"21890",S/6 WOODEN SKITTLES IN COTTON BAG,11,40,21.57
"22089",PAPER BUNTING VINTAGE PAISLEY,11,40,21.57
"85175",CACTI T-LIGHT CANDLES,11,40,21.57
"20749",ASSORTED COLOUR MINI CASES,12,44,21.43
"20985",HEART CALCULATOR,6,22,21.43
"21190",PINK HEARTS PAPER GARLAND,6,22,21.43
"21625",VINTAGE UNION JACK APRON,6,22,21.43
"22458",CAST IRON HOOK GARDEN FORK,6,22,21.43
"22501",PICNIC BASKET WICKER LARGE,12,44,21.43
"37370",RETRO COFFEE MUGS ASSORTED,9,33,21.43
"22444",GROW YOUR OWN PLANT IN A CAN ,16,59,21.33
"22383",LUNCH BAG SUKI  DESIGN ,40,148,21.28
"22487",WHITE WOOD GARDEN PLANT LADDER,20,74,21.28
"20752",BLUE POLKADOT WASHING UP GLOVES,7,26,21.21
"21242",RED RETROSPOT PLATE ,14,52,21.21
"22283","6 EGG HOUSE PAINTED WOOD",7,26,21.21
"22430",ENAMEL WATERING CAN CREAM,7,26,21.21
"21714",CITRONELLA CANDLE GARDEN POT,11,41,21.15
"84997A",GREEN 3 PIECE MINI DOTS CUTLERY SET,15,56,21.13
"85123A",WHITE HANGING HEART T-LIGHT HOLDER,109,408,21.08
"21385",IVORY HANGING DECORATION  HEART,16,60,21.05
"21875",KINGS CHOICE MUG,12,45,21.05
"21915",RED  HARMONICA IN BOX ,16,60,21.05
"22405",MONEY BOX POCKET MONEY DESIGN,8,30,21.05
"47591D",PINK FAIRY CAKE CHILD'S APRON,28,105,21.05
"84670",JAPANESE CROCHETED ANIMAL,8,30,21.05
"85042",ANTIQUE LILY FAIRY LIGHTS,12,45,21.05
"79323W", WHITE CHERRY LIGHTS,13,49,20.97
"22523",CHILDS GARDEN FORK PINK,9,34,20.93
"20725",LUNCH BAG RED RETROSPOT,46,174,20.91
"82551",LAUNDRY 15C METAL SIGN,14,53,20.90
"21291",SMALL POLKADOT CHOCOLATE GIFT BAG ,5,19,20.83
"21726",MULTI HEARTS  STICKERS,5,19,20.83
"22428",ENAMEL FIRE BUCKET CREAM,5,19,20.83
"22621",TRADITIONAL KNITTING NANCY,10,38,20.83
"84581",DOG TOY WITH PINK CROCHET SKIRT,5,19,20.83
POST,POSTAGE,17,65,20.73
"11001",ASSTD DESIGN RACING CAR PEN,6,23,20.69
"21158",MOODY GIRL DOOR HANGER ,6,23,20.69
"22068", BLACK PIRATE TREASURE CHEST,6,23,20.69
"22117",METAL SIGN HER DINNER IS SERVED ,6,23,20.69
"22399",MAGNETS PACK OF 4 CHILDHOOD MEMORY,6,23,20.69
"37501",TEA TIME TEA SET IN GIFT BOX,6,23,20.69
"21533",RETRO SPOT LARGE MILK JUG,25,96,20.66
"22382",LUNCH BAG SPACEBOY DESIGN ,40,154,20.62
"20728",LUNCH BAG CARS BLUE,34,131,20.61
"21313",GLASS HEART T-LIGHT HOLDER ,7,27,20.59
"21564",PINK  HEART SHAPE LOVE BUCKET ,7,27,20.59
"84988",SET OF 72 PINK HEART PAPER DOILIES,15,58,20.55
"21333",CLASSIC WHITE FRAME,8,31,20.51
"22485",SET OF 2 WOODEN MARKET CRATES,8,31,20.51
"21232",STRAWBERRY CERAMIC TRINKET BOX,51,198,20.48
"21955",  DOORMAT UNION JACK GUNS AND ROSES,17,66,20.48
"48189",DOOR MAT FRIENDSHIP ,9,35,20.45
"72802C",VANILLA SCENT CANDLE JEWELLED BOX,9,35,20.45
"21216","SET 3 RED SPOT TIN TEA,COFFEE,SUGAR",10,39,20.41
"22349","DOG BOWL , CHASING BALL DESIGN",10,39,20.41
"46000M",POLYESTER FILLER PAD 45x45cm,10,39,20.41
"21257",VICTORIAN SEWING BOX MEDIUM,11,43,20.37
"21497",FANCY FONTS BIRTHDAY WRAP,11,43,20.37
"84970L",SINGLE HEART ZINC T-LIGHT HOLDER,22,86,20.37
"22090",PAPER BUNTING RETRO SPOTS,29,114,20.28
"21218",RED SPOTTY BISCUIT TIN,15,59,20.27
"84970S",HANGING HEART ZINC T-LIGHT HOLDER,30,118,20.27
"21539",RED RETROSPOT BUTTER DISH,17,67,20.24
"20774",GREEN FERN NOTEBOOK,4,16,20.00
"20829",GLITTER HANGING BUTTERFLY STRING,11,44,20.00
"20981","12 PENCILS TALL TUBE WOODLAND",9,36,20.00
"21179",NO JUNK MAIL METAL SIGN,8,32,20.00
"21207",SKULL AND CROSSBONES  GARLAND ,6,24,20.00
"21348",PINK SPOTS CHOCOLATE NESTING BOXES ,5,20,20.00
"21446","12 RED ROSE PEG PLACE SETTINGS",6,24,20.00
"21463",MIRRORED DISCO BALL ,6,24,20.00
"21609",SET 12 LAVENDER  BOTANICAL T-LIGHTS,5,20,20.00
"21667",GLASS CAKE COVER AND PLATE,5,20,20.00
"21706","FOLDING UMBRELLA , RED/WHITE SPOT",5,20,20.00
"21973",SET OF 36 MUSHROOM PAPER DOILIES,6,24,20.00
"22109",FULL ENGLISH BREAKFAST PLATE,10,40,20.00
"22328","ROUND SNACK BOXES ,SET 4, FRUITS ",22,88,20.00
"22499",WOODEN UNION JACK BUNTING,17,68,20.00
"22533",MAGIC DRAWING SLATE BAKE A CAKE ,7,28,20.00
"22545",MINI JIGSAW BUNNIES,4,16,20.00
"22582",PACK OF 6 SWEETIE GIFT BOXES,9,36,20.00
"35471D",SET OF 3 BIRD LIGHT PINK FEATHER ,4,16,20.00
"37448",CERAMIC CAKE DESIGN SPOTTED MUG,13,52,20.00
"48116",DOOR MAT MULTICOLOUR STRIPE,9,36,20.00
"72349B",SET/6 PURPLE BUTTERFLY T-LIGHTS,6,24,20.00
"72351B",SET/6 PINK  BUTTERFLY T-LIGHTS,11,44,20.00
"72760B",VINTAGE CREAM 3 BASKET CAKE STAND,14,56,20.00
"79029",GLASS HONEYPOT WASP CATCHER,11,44,20.00
"84279P", CHERRY BLOSSOM  DECORATIVE FLASK,6,24,20.00
"85014B",RED RETROSPOT UMBRELLA,21,84,20.00
"21733",RED HANGING HEART T-LIGHT HOLDER,35,141,19.89
"21755",LOVE BUILDING BLOCK WORD,35,141,19.89
"22352",LUNCH BOX WITH CUTLERY RETROSPOT ,19,77,19.79
"22528",GARDENERS KNEELING PAD,19,77,19.79
"22196",HEART MEASURING SPOONS SMALL,16,65,19.75
"21380",WOODEN HAPPY BIRTHDAY GARLAND,14,57,19.72
"21259",VICTORIAN SEWING BOX SMALL ,12,49,19.67
"22520",CHILDS GARDEN TROWEL BLUE ,11,45,19.64
"22644",CERAMIC CHERRY CAKE MONEY BANK,11,45,19.64
"21586",KINGS CHOICE GIANT TUBE MATCHES,9,37,19.57
"21777",RECIPE BOX WITH METAL HEART,9,37,19.57
"84997C",BLUE 3 PIECE MINI DOTS CUTLERY SET,25,103,19.53
"21472",LADYBIRD + BEE RAFFIA FOOD COVER,8,33,19.51
"21737",SET 3 WICKER LOG BASKETS,8,33,19.51
"21864",UNION JACK FLAG PASSPORT COVER ,8,33,19.51
"72741",GRAND CHOCOLATECANDLE,29,120,19.46
"21056",DOCTOR'S BAG SOFT TOY,7,29,19.44
"21541",DINOSAURS WATER TRANSFER TATTOOS ,7,29,19.44
"21983",PACK OF 12 BLUE PAISLEY TISSUES ,7,29,19.44
"22067",CHOC TRUFFLE GOLD TRINKET POT ,7,29,19.44
"21349",IVY HEART WREATH,6,25,19.35
"21673",WHITE SPOT BLUE CERAMIC DRAWER KNOB,12,50,19.35
"22406",MONEY BOX KINGS CHOICE DESIGN,6,25,19.35
"22459",CAST IRON HOOK GARDEN TROWEL,6,25,19.35
"48129",DOOR MAT TOPIARY,12,50,19.35
"21621",VINTAGE UNION JACK BUNTING,28,117,19.31
"22119", PEACE WOODEN BLOCK LETTERS,11,46,19.30
"21581",SKULLS  DESIGN  COTTON TOTE BAG,5,21,19.23
"21680",WOODLAND  STICKERS,5,21,19.23
"21904",HOUSE WRECKING METAL SIGN ,5,21,19.23
"22176",BLUE OWL SOFT TOY,5,21,19.23
"22284",HEN HOUSE DECORATION,5,21,19.23
"22475",SKULL DESIGN TV DINNER TRAY,5,21,19.23
"22583",PACK OF 6 HANDBAG GIFT BOXES,10,42,19.23
"85217",ASSORTED ICE CREAM FRIDGE MAGNETS,5,21,19.23
"22333",RETRO SPORT PARTY BAG + STICKER SET,14,59,19.18
"84947",ANTIQUE SILVER TEA GLASS ENGRAVED,14,59,19.18
"84580",MOUSE TOY WITH PINK T-SHIRT,9,38,19.15
"47566",PARTY BUNTING,30,127,19.11
"48138",DOOR MAT UNION FLAG,38,161,19.10
"71477",COLOUR GLASS. STAR T-LIGHT HOLDER,17,72,19.10
"17033","BROCADE PURSE,SMALL ARCH BUTTON",4,17,19.05
"20871",OPULENT VELVET SET/3 CANDLES,4,17,19.05
"21258",VICTORIAN SEWING BOX LARGE,8,34,19.05
"21465",PINK FLOWER CROCHET FOOD COVER,4,17,19.05
"21721",CANDY SHOP  STICKER SHEET,4,17,19.05
"21988",PACK OF 6 SKULL PAPER PLATES,8,34,19.05
"22051",BLUE SCANDINAVIAN PAISLEY WRAP,4,17,19.05
"22375",AIRLINE BAG VINTAGE JET SET BROWN,4,17,19.05
"85098B",BLUE FLYING SINGING CANARY,4,17,19.05
"22348",TEA BAG PLATE RED RETROSPOT,18,77,18.95
"21916",SET 12 RETRO WHITE CHALK STICKS,14,60,18.92
"22180",RETRO SPOT LAMP,7,30,18.92
"84509A",ENGLISH ROSE PLACEMATS,7,30,18.92
"47567B",TEA TIME KITCHEN APRON,10,43,18.87
"22189",CREAM HEART CARD HOLDER,26,112,18.84
"21531",RED RETROSPOT SUGAR JAM BOWL,16,69,18.82
"21363",HOME SMALL WOOD LETTERS,9,39,18.75
"21907",I'M ON HOLIDAY METAL SIGN,15,65,18.75
"22133",PINK LOVE HEART SHAPE CUP,6,26,18.75
"22297",HEART IVORY TRELLIS SMALL,18,78,18.75
"22300",COFFEE MUG DOG + BALL DESIGN,12,52,18.75
"22318",FIVE HEART HANGING DECORATION,9,39,18.75
"84836",ZINC METAL HEART DECORATION,31,135,18.67
"21563",RED HEART SHAPE LOVE BUCKET ,8,35,18.60
"22047",EMPIRE GIFT WRAP,8,35,18.60
"22207",FRYING PAN UNION FLAG,8,35,18.60
"84755",COLOUR GLASS T-LIGHT HOLDER HANGING,23,101,18.55
"20665",RED RETROSPOT PURSE ,5,22,18.52
"21161",KEEP OUT BOYS DOOR HANGER ,5,22,18.52
"21389",IVORY HANGING DECORATION  BIRD,5,22,18.52
"22177","5 HOOK BLACKBOARD ORGANISER ",5,22,18.52
"21670",BLUE SPOT CERAMIC DRAWER KNOB,12,53,18.46
"20978","36 PENCILS TUBE SKULLS",7,31,18.42
"22525",CHILDRENS GARDEN GLOVES PINK,7,31,18.42
"22560",TRADITIONAL MODELLING CLAY,14,62,18.42
"21431",GREEN GINGHAM FLOWER JEWELLERY BOX,9,40,18.37
"21217",RED RETROSPOT ROUND CAKE TINS,20,89,18.35
"20717",STRAWBERRY SHOPPER BAG,11,49,18.33
"21901","KEY FOB , BACK DOOR ",13,58,18.31
"21974",SET OF 36 PAISLEY FLOWER DOILIES,13,58,18.31
"85232B",SET OF 3 BABUSHKA STACKING TINS,17,76,18.28
"20676",RED RETROSPOT BOWL,16,72,18.18
"20771",CHRYSANTHEMUM  JOURNAL,4,18,18.18
"21214",SET OF 72 IVORY PAPER DOILIES,4,18,18.18
"21452",TOADSTOOL MONEY BOX,8,36,18.18
"21462","NURSERY A,B,C PAINTED LETTERS",4,18,18.18
"22058",CERAMIC LOVE HEARTS DESIGN MUG,4,18,18.18
"22084",PAPER CHAIN KIT EMPIRE,12,54,18.18
"22131",FOOD CONTAINER SET 3 LOVE HEART ,14,63,18.18
"22325",MOBILE VINTAGE HEARTS ,4,18,18.18
"22418","10 COLOUR SPACEBOY PEN",10,45,18.18
"22445",PENCIL CASE GINGHAM FOREST,6,27,18.18
"22521",CHILDS GARDEN TROWEL PINK,10,45,18.18
"84676",BATH DUCK WATERING CAN,4,18,18.18
"85014D",PINK/BROWN DOTS RUFFLED UMBRELLA,4,18,18.18
"85114B",IVORY ENCHANTED FOREST PLACEMAT,4,18,18.18
"22384",LUNCH BAG PINK POLKADOT,33,149,18.13
"21210",SET OF 72 RETRO SPOT PAPER  DOILIES,23,104,18.11
"82483",WOOD 2 DRAWER CABINET WHITE FINISH,17,77,18.09
"21411",GINGHAM HEART  DOORSTOP RED,13,59,18.06
"21672",WHITE SPOT RED CERAMIC DRAWER KNOB,11,50,18.03
"21107",CREAM SLICE FLANNEL PINK SPOT ,7,32,17.95
"21272",SALLE DE BAIN HOOK,7,32,17.95
"21933",PINK VINTAGE PAISLEY PICNIC BAG,7,32,17.95
"21889",WOODEN BOX OF DOMINOES,19,87,17.92
"21383",PACK OF 12 STICKY BUNNIES,5,23,17.86
"21811",CHRISTMAS HANGING HEART WITH BELL,5,23,17.86
"21903",MAN FLU METAL SIGN,10,46,17.86
"21913",VINTAGE SEASIDE JIGSAW PUZZLES,5,23,17.86
"84849D",HOT BATHS SOAP HOLDER,5,23,17.86
"85231G",ORANGE SCENTED SET/9 T-LIGHTS,5,23,17.86
"22178",VICTORIAN GLASS HANGING T-LIGHT,23,106,17.83
"82582",AREA PATROLLED METAL SIGN,13,60,17.81
"48187",DOOR MAT NEW ENGLAND,21,97,17.80
"48194",DOOR MAT HEARTS,21,97,17.80
"21329",DINOSAURS  WRITING SET ,8,37,17.78
"21935",SUKI  SHOULDER BAG,8,37,17.78
"21977",PACK OF 60 PINK PAISLEY CAKE CASES,32,148,17.78
"22244","3 HOOK HANGER MAGIC GARDEN",8,37,17.78
"22606",WOODEN SKITTLES GARDEN SET,8,37,17.78
"21843",RED RETROSPOT CAKE STAND,30,139,17.75
"21155",RED RETROSPOT PEG BAG,11,51,17.74
"21174",POTTERING IN THE SHED METAL SIGN,17,79,17.71
"21135",VICTORIAN  METAL POSTCARD SPRING,9,42,17.65
"48188",DOOR MAT WELCOME PUPPIES,12,56,17.65
"22355","CHARLOTTE BAG , SUKI DESIGN",22,103,17.60
"21164",HOME SWEET HOME METAL SIGN ,13,61,17.57
"21429",RED GINGHAM ROSE JEWELLERY BOX,21,99,17.50
"21888",BINGO SET,14,66,17.50
"22151",PLACE SETTING WHITE HEART,14,66,17.50
"22218",CAKE STAND LACE WHITE,7,33,17.50
"22488",NATURAL SLATE RECTANGLE CHALKBOARD,14,66,17.50
"21561",DINOSAUR LUNCH BOX WITH CUTLERY,11,52,17.46
"22061",LARGE CAKE STAND  HANGING STRAWBERY,11,52,17.46
"21754",HOME BUILDING BLOCK WORD,37,175,17.45
"21172",PARTY METAL SIGN ,15,71,17.44
"84378",SET OF 3 HEART COOKIE CUTTERS,19,90,17.43
"20764",ABSTRACT CIRCLES SKETCHBOOK ,4,19,17.39
"21165",BEWARE OF THE CAT METAL SIGN ,12,57,17.39
"21278",VINTAGE KITCHEN PRINT PUDDINGS,4,19,17.39
"21707","FOLDING UMBRELLA , BLACK/BLUE  SPOT",4,19,17.39
"21993",FLORAL FOLK STATIONERY SET,4,19,17.39
"20975","12 PENCILS SMALL TUBE RED RETROSPOT",21,100,17.36
"22505",MEMO BOARD COTTAGE DESIGN,17,81,17.35
"22584",PACK OF 6 PANNETONE GIFT BOXES,17,81,17.35
"21154",RED RETROSPOT OVEN GLOVE ,13,62,17.33
"16156S",WRAP PINK FAIRY CAKES ,9,43,17.31
"84945",MULTI COLOUR SILVER T-LIGHT HOLDER,9,43,17.31
"21592",RETRO SPOT  CIGAR BOX MATCHES ,10,48,17.24
"21985",PACK OF 12 HEARTS DESIGN TISSUES ,15,72,17.24
"22095",LADS ONLY TISSUE BOX,5,24,17.24
"22544",MINI JIGSAW SPACEBOY,5,24,17.24
"22064",PINK DOUGHNUT TRINKET POT ,11,53,17.19
"22605",WOODEN CROQUET GARDEN SET,11,53,17.19
"22139",RETRO SPOT TEA SET CERAMIC 11 PC ,35,169,17.16
"20727",LUNCH BAG  BLACK SKULL.,30,145,17.14
"21918",SET 12 KIDS COLOUR  CHALK STICKS,12,58,17.14
"22027",TEA PARTY BIRTHDAY CARD,12,58,17.14
"22057",CERAMIC PLATE STRAWBERRY DESIGN,6,29,17.14
"22278",OVERNIGHT BAG VINTAGE ROSE PAISLEY,6,29,17.14
"22354",RETRO SPOT PADDED SEAT CUSHION,6,29,17.14
"84691",PACK 20 DOLLY PEGS,6,29,17.14
"21033",JUMBO BAG CHARLIE AND LOLA TOYS,7,34,17.07
"21874",GIN AND TONIC MUG,7,34,17.07
"22076","6 RIBBONS EMPIRE  ",7,34,17.07
"21535",RED RETROSPOT SMALL MILK JUG,22,107,17.05
"21704",BAG 250g SWIRLY MARBLES,10,49,16.95
"71053",WHITE METAL LANTERN,10,49,16.95
"22366",DOOR MAT AIRMAIL ,11,54,16.92
"22413",METAL SIGN TAKE IT OR LEAVE IT ,15,74,16.85
"84406B",CREAM CUPID HEARTS COAT HANGER,17,84,16.83
"10135",COLOURING PENCILS BROWN TUBE,5,25,16.67
"15060B",FAIRY CAKE DESIGN UMBRELLA,7,35,16.67
"20751",FUNKY WASHING UP GLOVES ASSORTED,10,50,16.67
"21239",PINK  POLKADOT CUP,11,55,16.67
"21246",RED RETROSPOT BIG BOWL,5,25,16.67
"21340",CLASSIC METAL BIRDCAGE PLANT HOLDER,5,25,16.67
"21432",SET OF 3 CASES WOODLAND DESIGN,7,35,16.67
"21528",DAIRY MAID TRADITIONAL TEAPOT ,5,25,16.67
"21578",WOODLAND DESIGN  COTTON TOTE BAG,7,35,16.67
"21730",GLASS STAR FROSTED T-LIGHT HOLDER,6,30,16.67
"21832",CHOCOLATE CALCULATOR,6,30,16.67
"22079",RIBBON REEL HEARTS DESIGN ,10,50,16.67
"22219",LOVEBIRD HANGING DECORATION WHITE ,15,75,16.67
"22273",FELTCRAFT DOLL MOLLY,12,60,16.67
"22295",HEART FILIGREE DOVE LARGE,14,70,16.67
"22311",OFFICE MUG WARMER BLACK+SILVER ,4,20,16.67
"22360",GLASS JAR ENGLISH CONFECTIONERY,6,30,16.67
"22374",AIRLINE BAG VINTAGE JET SET RED,7,35,16.67
"22386",JUMBO BAG PINK POLKADOT,29,145,16.67
"22429",ENAMEL MEASURING JUG CREAM,9,45,16.67
"22476",EMPIRE UNION JACK TV DINNER TRAY,5,25,16.67
"22526",WHEELBARROW FOR CHILDREN ,4,20,16.67
"79000",MOROCCAN TEA GLASS,9,45,16.67
"84536A",ENGLISH ROSE NOTEBOOK A7 SIZE,6,30,16.67
"84559B","3D SHEET OF CAT STICKERS",5,25,16.67
"85067",CREAM SWEETHEART WALL CABINET,4,20,16.67
"85184C",S/4 VALENTINE DECOUPAGE HEART BOX,6,30,16.67
"84991","60 TEATIME FAIRY CAKE CASES",37,186,16.59
"20723",STRAWBERRY CHARLOTTE BAG,16,81,16.49
"47590B",PINK HAPPY BIRTHDAY BUNTING,15,76,16.48
"21390",FILIGRIS HEART WITH BUTTERFLY,11,56,16.42
"20979","36 PENCILS TUBE RED RETROSPOT",10,51,16.39
"20828",GLITTER BUTTERFLY CLIPS,9,46,16.36
"22465",HANGING METAL STAR LANTERN,9,46,16.36
"22059",CERAMIC STRAWBERRY DESIGN MUG,8,41,16.33
"21537",RED RETROSPOT PUDDING BOWL,7,36,16.28
"22118",JOY WOODEN BLOCK LETTERS,7,36,16.28
"22378",WALL TIDY RETROSPOT ,7,36,16.28
"22482",BLUE TEA TOWEL CLASSIC DESIGN,7,36,16.28
"22562",MONSTERS STENCIL CRAFT,7,36,16.28
"22596",CHRISTMAS STAR WISH LIST CHALKBOARD,7,36,16.28
"21504",SKULLS GREETING CARD,6,31,16.22
"21614",SET OF 12 ROSE BOTANICAL T-LIGHTS,6,31,16.22
"22439","6 ROCKET BALLOONS ",6,31,16.22
"82600",NO SINGING METAL SIGN,18,93,16.22
"84884A",ANT WHITE WIRE HEART SPIRAL,6,31,16.22
"21314",SMALL GLASS HEART TRINKET POT,11,57,16.18
"22646",CERAMIC STRAWBERRY CAKE MONEY BANK,16,83,16.16
"21163",DO NOT TOUCH MY STUFF DOOR HANGER ,5,26,16.13
"21364",PEACE SMALL WOOD LETTERS,5,26,16.13
"21786",POLKADOT RAIN HAT ,5,26,16.13
"21872",GLAMOROUS  MUG,5,26,16.13
"22478",BIRDHOUSE GARDEN MARKER ,5,26,16.13
"22515",CHILDS GARDEN SPADE PINK,5,26,16.13
"21745",GAOLERS KEYS DECORATIVE GARDEN ,9,47,16.07
"82494L",WOODEN FRAME ANTIQUE WHITE ,27,141,16.07
"84832",ZINC WILLIE WINKIE  CANDLE STICK,9,47,16.07
"22558",CLOTHES PEGS RETROSPOT PACK 24 ,13,68,16.05
"21034",REX CASH+CARRY JUMBO SHOPPER,34,178,16.04
"21447","12 IVORY ROSE PEG PLACE SETTINGS",4,21,16.00
"21559",STRAWBERRY LUNCH BOX WITH CUTLERY,16,84,16.00
"21612",SET 12 WILDFLOWER BOTANICAL T-LIGHT,4,21,16.00
"21865",PINK UNION JACK  PASSPORT COVER ,4,21,16.00
"22055",MINI CAKE STAND  HANGING STRAWBERY,12,63,16.00
"22245","HOOK, 1 HANGER ,MAGIC GARDEN",8,42,16.00
"22262",FELT EGG COSY CHICKEN,4,21,16.00
"47505",MINATURE COLOURED GARDENING SET,4,21,16.00
"84880",WHITE WIRE EGG HOLDER,8,42,16.00
"22072",RED RETROSPOT TEA CUP AND SAUCER ,11,58,15.94
"47559B",TEA TIME OVEN GLOVE,11,58,15.94
"21908",CHOCOLATE THIS WAY METAL SIGN,14,74,15.91
"20679",EDWARDIAN PARASOL RED,10,53,15.87
"84978",HANGING HEART JAR T-LIGHT HOLDER,16,85,15.84
"21169",YOU'RE CONFUSING ME METAL SIGN ,9,48,15.79
"21524",DOOR MAT SPOTTY HOME SWEET HOME,18,96,15.79
"85047",WHITE BEADED GARLAND STRING 20LIGHT,6,32,15.79
"20681",PINK POLKADOT CHILDRENS UMBRELLA,8,43,15.69
"21523",DOOR MAT FANCY FONT HOME SWEET HOME,13,70,15.66
"21175",GIN + TONIC DIET METAL SIGN,23,124,15.65
"21082",SET/20 FRUIT SALAD PAPER NAPKINS ,5,27,15.63
"21470",FLOWER VINE RAFFIA FOOD COVER,5,27,15.63
"21735",TWO DOOR CURIO CABINET,5,27,15.63
"21827",EIGHT PIECE CREEPY CRAWLIE SET,5,27,15.63
"22591",CARDHOLDER GINGHAM CHRISTMAS TREE,5,27,15.63
"35004C",SET OF 3 COLOURED  FLYING DUCKS,5,27,15.63
"47556B",TEA TIME TEA TOWELS ,10,54,15.63
"48184",DOOR MAT ENGLISH ROSE ,15,81,15.63
"85049H",URBAN BLACK RIBBONS ,5,27,15.63
"85064",CREAM SWEETHEART LETTER RACK,10,54,15.63
"22508",DOORSTOP RETROSPOT HEART,12,65,15.58
"20977","36 PENCILS TUBE WOODLAND",7,38,15.56
"22332",SKULLS PARTY BAG + STICKER SET,7,38,15.56
"85178",VICTORIAN SEWING KIT,7,38,15.56
"22173",METAL 4 HOOK HANGER FRENCH CHATEAU,11,60,15.49
"22381",TOY TIDY PINK POLKADOT,15,82,15.46
"20914",SET/5 RED RETROSPOT LID GLASS BOWLS,26,143,15.38
"21445","12 PINK ROSE PEG PLACE SETTINGS",4,22,15.38
"21529",RED RETROSPOT TOASTRACK,4,22,15.38
"21986",PACK OF 12 PINK POLKADOT TISSUES,8,44,15.38
"22041","RECORD FRAME 7"" SINGLE SIZE ",4,22,15.38
"22215",CAKE STAND WHITE TWO TIER LACE,8,44,15.38
"22421",LIPSTICK PEN FUSCHIA,6,33,15.38
"22452",MEASURING TAPE BABUSHKA PINK,4,22,15.38
"22479",DAISY GARDEN MARKER,4,22,15.38
"21928",JUMBO BAG SCANDINAVIAN PAISLEY,17,94,15.32
"85099B",JUMBO BAG RED RETROSPOT,43,238,15.30
"21870",I CAN ONLY PLEASE ONE PERSON MUG,13,72,15.29
"21937",STRAWBERRY   PICNIC BAG,9,50,15.25
"22179",SET 10 LIGHTS NIGHT OWL,7,39,15.22
"21212",PACK OF 72 RETRO SPOT CAKE CASES,41,229,15.19
"21922",UNION STRIPE WITH FRINGE  HAMMOCK,5,28,15.15
"22025",RING OF ROSES BIRTHDAY CARD,5,28,15.15
"22202",MILK PAN PINK POLKADOT,5,28,15.15
"22472",TV DINNER TRAY DOLLY GIRL,5,28,15.15
"22497",SET OF 2 TINS VINTAGE BATHROOM ,5,28,15.15
"47566B",TEA TIME PARTY BUNTING,10,56,15.15
"85049D",BRIGHT BLUES RIBBONS ,10,56,15.15
"22083",PAPER CHAIN KIT RETRO SPOT,16,90,15.09
"22469",HEART OF WICKER SMALL,29,164,15.03
"21219",SET/4 BADGES BALLOON GIRL,3,17,15.00
"21507","ELEPHANT, BIRTHDAY CARD, ",9,51,15.00
"21687",SILVER PLATE CANDLE BOWL LARGE,3,17,15.00
"21720",CAKE SHOP  STICKER SHEET,3,17,15.00
"21781",MA CAMPAGNE CUTLERY BOX,6,34,15.00
"21784",SHOE SHINE BOX ,3,17,15.00
"22212",FOUR HOOK  WHITE LOVEBIRDS,12,68,15.00
"22304",COFFEE MUG BLUE PAISLEY DESIGN,3,17,15.00
"47599B",BLUE PARTY BAGS ,6,34,15.00
"84247L",FAWN AND MUSHROOM GREETING CARD,3,17,15.00
"84828",JUNGLE POPSICLES ICE LOLLY HOLDERS,3,17,15.00
"85232D",SET/3 DECOUPAGE STACKING TINS,3,17,15.00
"22470",HEART OF WICKER LARGE,31,176,14.98
"84992","72 SWEETHEART FAIRY CAKE CASES",22,125,14.97
"85099F",JUMBO BAG STRAWBERRY,23,131,14.94
"21791",VINTAGE HEADS AND TAILS CARD GAME ,20,114,14.93
"20674",GREEN POLKADOT BOWL,7,40,14.89
"21703",BAG 125g SWIRLY MARBLES,7,40,14.89
"22272",FELTCRAFT DOLL MARIA,7,40,14.89
"20685",DOOR MAT RED SPOT,25,143,14.88
"21171",BATHROOM METAL SIGN ,4,23,14.81
"21812",GARLAND WITH HEARTS AND BELLS,4,23,14.81
"22231",JIGSAW TREE WITH BIRDHOUSE,4,23,14.81
"22427",ENAMEL FLOWER JUG CREAM,8,46,14.81
"84535B",FAIRY CAKES NOTEBOOK A6 SIZE,4,23,14.81
"84596B",SMALL DOLLY MIX DESIGN ORANGE BOWL,4,23,14.81
"85035A",GARDENIA 3 WICK MORRIS BOXED CANDLE,4,23,14.81
"22622",BOX OF VINTAGE ALPHABET BLOCKS,9,52,14.75
"22030",SWALLOWS GREETING CARD,14,81,14.74
"21213",PACK OF 72 SKULL CAKE CASES,19,110,14.73
"20724",RED RETROSPOT CHARLOTTE BAG,20,116,14.71
"21381",MINI WOODEN HAPPY BIRTHDAY GARLAND,10,58,14.71
"22440",BALLOON WATER BOMB PACK OF 35,5,29,14.71
"22518",CHILDS GARDEN BRUSH BLUE,5,29,14.71
"82552",WASHROOM METAL SIGN,11,64,14.67
"47599A",PINK PARTY BAGS,7,41,14.58
"79067",CORONA MEXICAN TRAY,7,41,14.58
"84375",SET OF 20 KIDS COOKIE CUTTERS,7,41,14.58
"20677",PINK POLKADOT BOWL,8,47,14.55
"22411",JUMBO SHOPPER VINTAGE RED PAISLEY,27,159,14.52
"22195",LARGE HEART MEASURING SPOONS,10,59,14.49
"21892",TRADITIONAL WOODEN CATCH CUP GAME ,11,65,14.47
"22625",RED KITCHEN SCALES,11,65,14.47
"20711",JUMBO BAG TOYS ,13,77,14.44
"21080",SET/20 RED RETROSPOT PAPER NAPKINS ,27,160,14.44
"20971",PINK BLUE FELT CRAFT TRINKET BOX,19,113,14.39
"20770",ABSTRACT CIRCLE JOURNAL ,3,18,14.29
"20857",BLUE ROSE PATCH PURSE PINK BUTTERFL,3,18,14.29
"20976","12 PENCILS SMALL TUBE POSY",3,18,14.29
"21357",TOAST ITS - DINOSAUR,4,24,14.29
"21440","12 MINI TOADSTOOL PEGS",4,24,14.29
"21466",RED FLOWER CROCHET FOOD COVER,5,30,14.29
"21498",RED RETROSPOT WRAP ,13,78,14.29
"21508",VINTAGE KID DOLLY CARD ,8,48,14.29
"21591",COSY HOUR CIGAR BOX MATCHES ,5,30,14.29
"21647",ASSORTED TUTTI FRUTTI LARGE PURSE,3,18,14.29
"21900","KEY FOB , SHED",12,72,14.29
"21924",BLUE/CREAM STRIPE FRINGE HAMMOCK,3,18,14.29
"21930",JUMBO STORAGE BAG SKULLS,14,84,14.29
"22026",BANQUET BIRTHDAY  CARD  ,4,24,14.29
"22110",BIRD HOUSE HOT WATER BOTTLE,6,36,14.29
"22192",BLUE DINER WALL CLOCK,6,36,14.29
"22335",HEART DECORATION PAINTED ZINC ,7,42,14.29
"84795D",SEASIDE STRIPE HAMMOCK,3,18,14.29
"22423",REGENCY CAKESTAND 3 TIER,43,259,14.24
"22557",PLASTERS IN TIN VINTAGE PAISLEY ,15,91,14.15
"82486",WOOD S/3 CABINET ANT WHITE FINISH,15,91,14.15
"84949",SILVER HANGING T-LIGHT HOLDER,12,73,14.12
"21931",JUMBO STORAGE BAG SUKI,24,147,14.04
"22627",MINT KITCHEN SCALES,8,49,14.04
"48185",DOOR MAT FAIRY CAKE,14,86,14.00
"82599",FANNY'S REST STOPMETAL SIGN,7,43,14.00
"20658",RED RETROSPOT LUGGAGE TAG,6,37,13.95
"21078",SET/20 STRAWBERRY PAPER NAPKINS ,11,68,13.92
"79321",CHILLI LIGHTS,11,68,13.92
"22155",STAR DECORATION RUSTIC,5,31,13.89
"22220",CAKE STAND LOVEBIRD 2 TIER WHITE,5,31,13.89
"22377",BOTTLE BAG RETROSPOT ,5,31,13.89
"47570B",TEA TIME TABLE CLOTH,5,31,13.89
"22149",FELTCRAFT 6 FLOWER FRIENDS,23,143,13.86
"21936",RED RETROSPOT PICNIC BAG,13,81,13.83
"22554",PLASTERS IN TIN WOODLAND ANIMALS,17,106,13.82
"84997B",RED 3 PIECE MINI DOTS CUTLERY SET,17,106,13.82
"21100",CHARLIE AND LOLA CHARLOTTE BAG,4,25,13.79
"21166",COOK WITH WINE METAL SIGN ,16,100,13.79
"21867",PINK UNION JACK  LUGGAGE TAG,4,25,13.79
"21929",JUMBO BAG PINK VINTAGE PAISLEY,16,100,13.79
"35961",FOLKART ZINC HEART CHRISTMAS DEC,8,50,13.79
"47590A",BLUE HAPPY BIRTHDAY BUNTING,8,50,13.79
"22549",PICTURE DOMINOES,10,63,13.70
"22356","CHARLOTTE BAG , PINK/WHITE SPOTS",16,101,13.68
"21790",VINTAGE SNAP CARDS,22,139,13.66
"15044D",RED PAPER PARASOL,3,19,13.64
"21041",RED RETROSPOT OVEN GLOVE DOUBLE,6,38,13.64
"21106",CREAM SLICE FLANNEL CHOCOLATE SPOT ,3,19,13.64
"21324",HANGING MEDINA LANTERN SMALL,3,19,13.64
"21473",SWEETHEART CREAM STEEL TABLE RECT,3,19,13.64
"21788",KIDS RAIN MAC BLUE,3,19,13.64
"21883",STARS GIFT TAPE ,3,19,13.64
"21947",SET OF 6 HEART CHOPSTICKS,3,19,13.64
"22539",MINI JIGSAW DOLLY GIRL,3,19,13.64
"84879",ASSORTED COLOUR BIRD ORNAMENT,33,209,13.64
"85054",FRENCH ENAMEL POT W LID,3,19,13.64
"85172",HYACINTH BULB T-LIGHT CANDLES,3,19,13.64
"85232A",SET/3 POLKA DOT STACKING TINS,3,19,13.64
"15056BL",EDWARDIAN PARASOL BLACK,11,70,13.58
"84997D",PINK 3 PIECE MINI DOTS CUTLERY SET,16,102,13.56
"21121",SET/10 RED POLKADOT PARTY CANDLES,13,83,13.54
"82484",WOOD BLACK BOARD ANT WHITE FINISH,13,83,13.54
"21058",PARTY INVITES WOODLAND,5,32,13.51
"21984",PACK OF 12 PINK PAISLEY TISSUES ,5,32,13.51
"22417",PACK OF 60 SPACEBOY CAKE CASES,15,96,13.51
"22433",WATERING CAN GREEN DINOSAUR,5,32,13.51
"85216",ASSORTED CAKES FRIDGE MAGNETS,5,32,13.51
"21181",PLEASE ONE PERSON  METAL SIGN,22,141,13.50
"21328",BALLOONS  WRITING SET ,7,45,13.46
"48173C",DOOR MAT BLACK FLOCK ,7,45,13.46
"85150",LADIES & GENTLEMEN METAL SIGN,13,84,13.40
"20713",JUMBO BAG OWLS,12,78,13.33
"20983","12 PENCILS TALL TUBE RED RETROSPOT",10,65,13.33
"21713",CITRONELLA CANDLE FLOWERPOT,6,39,13.33
"21789",KIDS RAIN MAC PINK,4,26,13.33
"22200",FRYING PAN PINK POLKADOT,4,26,13.33
"22376",AIRLINE BAG VINTAGE JET SET WHITE,4,26,13.33
"22436","12 COLOURED PARTY BALLOONS",4,26,13.33
"84692",BOX OF 24 COCKTAIL PARASOLS,10,65,13.33
"85099C",JUMBO  BAG BAROQUE BLACK WHITE,18,117,13.33
"21231",SWEETHEART CERAMIC TRINKET BOX,21,137,13.29
"22624",IVORY KITCHEN SCALES,14,92,13.21
"21122",SET/10 PINK POLKADOT PARTY CANDLES,12,79,13.19
"20966",SANDWICH BATH SPONGE,5,33,13.16
"21899","KEY FOB , GARAGE DESIGN",10,66,13.16
"85062",PEARL CRYSTAL PUMPKIN T-LIGHT HLDR,5,33,13.16
"22617",BAKING SET SPACEBOY DESIGN,13,86,13.13
"22303",COFFEE MUG APPLES DESIGN,8,53,13.11
"22380",TOY TIDY SPACEBOY  ,8,53,13.11
"17091A",LAVENDER INCENSE IN TIN,3,20,13.04
"21162",TOXIC AREA  DOOR HANGER ,3,20,13.04
"21192",WHITE BELL HONEYCOMB PAPER ,3,20,13.04
"21467",CHERRY CROCHET FOOD COVER,3,20,13.04
"22070",SMALL RED RETROSPOT MUG IN BOX ,6,40,13.04
"22228",BUNNY WOODEN PAINTED WITH BIRD ,3,20,13.04
"22431",WATERING CAN BLUE ELEPHANT,6,40,13.04
"22618",COOKING SET RETROSPOT,6,40,13.04
"85049G",CHOCOLATE BOX RIBBONS ,6,40,13.04
"20982","12 PENCILS TALL TUBE SKULLS",7,47,12.96
"21584",RETRO SPOT SMALL TUBE MATCHES,7,47,12.96
"85066",CREAM SWEETHEART MINI CHEST,11,74,12.94
"22162",HEART GARLAND RUSTIC PADDED,4,27,12.90
"22242","5 HOOK HANGER MAGIC TOADSTOOL",8,54,12.90
"22294",HEART FILIGREE DOVE  SMALL,12,81,12.90
"22535",MAGIC DRAWING SLATE BUNNIES ,4,27,12.90
"22716",CARD CIRCUS PARADE,4,27,12.90
"84212","ASSORTED FLOWER COLOUR ""LEIS""",4,27,12.90
"22502",PICNIC BASKET WICKER SMALL,9,61,12.86
"21833",CAMOUFLAGE LED TORCH,5,34,12.82
"21932",SCANDINAVIAN PAISLEY PICNIC BAG,5,34,12.82
"22493", PAINT YOUR OWN CANVAS SET,5,34,12.82
"22607",WOODEN ROUNDERS GARDEN SET ,10,68,12.82
"22315","200 RED + WHITE BENDY STRAWS",6,41,12.77
"84520B",PACK 20 ENGLISH ROSE PAPER NAPKINS,12,82,12.77
"21156",RED SPOTTY CHILDS APRON,13,89,12.75
"84380",SET OF 3 BUTTERFLY COOKIE CUTTERS,11,76,12.64
"20719",WOODLAND CHARLOTTE BAG,12,83,12.63
"85152",HAND OVER THE CHOCOLATE   SIGN ,16,111,12.60
"21035",SET/2 RED RETROSPOT TEA TOWELS ,9,63,12.50
"21623",VINTAGE UNION JACK MEMOBOARD,8,56,12.50
"21807",WHITE CHRISTMAS STAR DECORATION,3,21,12.50
"21876",POTTERING MUG,5,35,12.50
"21923",RED/CREAM STRIPE FRINGE HAMMOCK,3,21,12.50
"22277",COSMETIC BAG VINTAGE ROSE PAISLEY,3,21,12.50
"22412",METAL SIGN NEIGHBOURHOOD WITCH ,4,28,12.50
"22669",RED BABY BUNTING ,5,35,12.50
"84279B",CHERRY BLOSSOM DECORATIVE FLASK,4,28,12.50
"84950",ASSORTED COLOUR T-LIGHT HOLDER,5,35,12.50
"21891",TRADITIONAL WOODEN SKIPPING ROPE,11,78,12.36
"22198",LARGE POPCORN HOLDER ,10,71,12.35
"82580",BATHROOM METAL SIGN,14,100,12.28
"22077","6 RIBBONS RUSTIC CHARM",18,129,12.24
"22432",WATERING CAN GREEN DINOSAUR,5,36,12.20
"35832",WOOLLY HAT SOCK GLOVE ADVENT STRING,5,36,12.20
"21494",ROTATING LEAVES T-LIGHT HOLDER,4,29,12.12
"21588",RETRO SPOT GIANT  TUBE MATCHES,4,29,12.12
"21731",RED TOADSTOOL LED NIGHT LIGHT,11,80,12.09
"21911",GARDEN METAL SIGN ,7,51,12.07
"21464",DISCO BALL ROTATOR BATTERY OPERATED,3,22,12.00
"21576",LETS GO SHOPPING COTTON TOTE BAG,3,22,12.00
"21690",SILVER  CANDLEPOT JARDIN ,3,22,12.00
"22037",ROBOT BIRTHDAY CARD,6,44,12.00
"22336",DOVE DECORATION PAINTED ZINC ,3,22,12.00
"22540",MINI JIGSAW CIRCUS PARADE ,3,22,12.00
"22559",SEASIDE FLYING DISC,3,22,12.00
"21506","FANCY FONT BIRTHDAY CARD, ",8,59,11.94
"22634",CHILDS BREAKFAST SET SPACEBOY ,8,59,11.94
"21700",BIG DOUGHNUT FRIDGE MAGNETS,5,37,11.90
"21917",SET 12 KIDS  WHITE CHALK STICKS,5,37,11.90
"22199",FRYING PAN RED POLKADOT ,5,37,11.90
"22483",RED GINGHAM TEDDY BEAR ,5,37,11.90
"22661",CHARLOTTE BAG DOLLY GIRL DESIGN,5,37,11.90
"21500",PINK POLKADOT WRAP ,7,52,11.86
"22078",RIBBON REEL LACE DESIGN ,7,52,11.86
"22029",SPACE BOY BIRTHDAY CARD,11,82,11.83
"21488",RED WHITE SCARF  HOT WATER BOTTLE,8,60,11.76
"22203",MILK PAN RED RETROSPOT,4,30,11.76
"22443",GROW YOUR OWN HERBS SET OF 3,4,30,11.76
"22489",PACK OF 12 TRADITIONAL CRAYONS,8,60,11.76
"22371",AIRLINE BAG VINTAGE TOKYO 78,7,53,11.67
"16161U",WRAP SUKI AND FRIENDS,5,38,11.63
"21486",PINK HEART DOTS HOT WATER BOTTLE,5,38,11.63
"22243","5 HOOK HANGER RED MAGIC TOADSTOOL",5,38,11.63
"20726",LUNCH BAG WOODLAND,18,137,11.61
"22080",RIBBON REEL POLKADOTS ,8,61,11.59
"21976",PACK OF 60 MUSHROOM CAKE CASES,11,84,11.58
"21975",PACK OF 60 DINOSAUR CAKE CASES,14,107,11.57
"20675",BLUE POLKADOT BOWL,6,46,11.54
"21069",VINTAGE BILLBOARD TEA MUG,3,23,11.54
"21692",SILVER LATTICE VANILLA CANDLE POT,3,23,11.54
"21823",PAINTED METAL HEART WITH HOLLY BELL,3,23,11.54
"22613",PACK OF 20 SPACEBOY NAPKINS,3,23,11.54
"22188",BLACK HEART CARD HOLDER,10,77,11.49
"21914",BLUE HARMONICA IN BOX ,7,54,11.48
"85049F",BABY BOOM RIBBONS ,7,54,11.48
"21866",UNION JACK FLAG LUGGAGE TAG,5,39,11.36
"20972",PINK CREAM FELT CRAFT TRINKET BOX ,17,133,11.33
"21981",PACK OF 12 WOODLAND TISSUES ,6,47,11.32
"22150", 3 STRIPEY MICE FELTCRAFT,12,95,11.21
"20754",RETRO RED SPOTTY WASHING UP GLOVES,11,88,11.11
"21742",LARGE ROUND WICKER PLATTER ,3,24,11.11
"21989",PACK OF 20 SKULL PAPER NAPKINS,7,56,11.11
"22065",CHRISTMAS PUDDING TRINKET POT ,5,40,11.11
"22147",FELTCRAFT BUTTERFLY HEARTS,17,136,11.11
"22170",PICTURE FRAME WOOD TRIPLE PORTRAIT,6,48,11.11
"22419",LIPSTICK PEN RED,4,32,11.11
"22650",CERAMIC PIRATE CHEST MONEY BANK,3,24,11.11
"79323LP",LIGHT PINK CHERRY LIGHTS,4,32,11.11
"84032B",CHARLIE + LOLA RED HOT WATER BOTTLE,6,48,11.11
"22570",FELTCRAFT CUSHION RABBIT,9,73,10.98
"82583",HOT BATHS METAL SIGN,9,73,10.98
"21485",RED SPOT HEART HOT WATER BOTTLE,16,130,10.96
"20970",PINK FLORAL FELTCRAFT SHOULDER BAG,7,57,10.94
"20969",RED FLORAL FELTCRAFT SHOULDER BAG,6,49,10.91
"22169",FAMILY ALBUM WHITE PICTURE FRAME,5,41,10.87
"22191",EAU DE NIL DINER WALL CLOCK,5,41,10.87
"22326","ROUND SNACK BOXES ,SET4, WOODLAND ",10,82,10.87
"22491",PACK OF 12 COLOURED PENCILS,5,41,10.87
"84946",ANTIQUE SILVER TEA GLASS ETCHED,13,107,10.83
"21245",GREEN  SPOTTY PLATE ,4,33,10.81
"22023",EMPIRE BIRTHDAY CARD,4,33,10.81
"22114",HOT WATER BOTTLE TEA AND SYMPATHY,16,132,10.81
"85068",CREAM SWEETHEART SHELF + HOOKS,4,33,10.81
"20682",RED RETROSPOT CHILDRENS UMBRELLA,7,58,10.77
"22372",AIRLINE BAG VINTAGE WORLD CHAMPION ,3,25,10.71
"85199L",LARGE HANGING IVORY & RED WOOD BIRD,3,25,10.71
"85214",TUB 24 PINK FLOWER PEGS,3,25,10.71
"85014A",BLACK/BLUE DOTS RUFFLED UMBRELLA,8,67,10.67
"21042",RED RETROSPOT APRON ,5,42,10.64
"22636",CHILDS BREAKFAST SET CIRCUS PARADE,7,59,10.61
"22553",PLASTERS IN TIN SKULLS,13,110,10.57
"16237",SLEEPING CAT ERASERS,4,34,10.53
"22537",MAGIC DRAWING SLATE DINOSAUR,4,34,10.53
"22573",STAR WOODEN CHRISTMAS DECORATION,4,34,10.53
"22620","4 TRADITIONAL SPINNING TOPS",9,77,10.47
"22045",SPACE BOY GIFT WRAP,7,60,10.45
"22635",CHILDS BREAKFAST SET DOLLY GIRL ,7,60,10.45
"21556",CERAMIC STRAWBERRY MONEY BOX,3,26,10.34
"22460",EMBOSSED GLASS TEALIGHT HOLDER,3,26,10.34
"22713",CARD I LOVE LONDON ,3,26,10.34
"48197",DOOR MAT BIRD ON THE WIRE,3,26,10.34
"84559A","3D SHEET OF DOG STICKERS",3,26,10.34
"85049C",ROMANTIC PINKS RIBBONS ,6,52,10.34
"22112",CHOCOLATE HOT WATER BOTTLE,16,139,10.32
"22585",PACK OF 6 BIRDY GIFT TAGS,16,139,10.32
"21980",PACK OF 12 RED RETROSPOT TISSUES ,8,70,10.26
"22566",FELTCRAFT HAIRBAND PINK AND PURPLE,4,35,10.26
"21481",FAWN BLUE HOT WATER BOTTLE,9,79,10.23
"22271",FELTCRAFT DOLL ROSIE,9,79,10.23
"22385",JUMBO BAG SPACEBOY DESIGN,11,97,10.19
"22649",STRAWBERRY CAKE TEAPOT,6,53,10.17
"21068",VINTAGE BILLBOARD LOVE/HATE MUG,3,27,10.00
"21137",BLACK RECORD COVER FRAME,3,27,10.00
"21519",GIN & TONIC DIET GREETING CARD ,4,36,10.00
"21820",GLITTER HEART GARLAND WITH BELLS ,2,18,10.00
"22175",PINK OWL DECORATION,3,27,10.00
"22507",MEMO BOARD RETROSPOT  DESIGN,9,81,10.00
"47591B",SCOTTIES CHILDRENS APRON,2,18,10.00
"84569B",PACK 3 FIRE ENGINE/CAR PATCHES,2,18,10.00
"84792",ENCHANTED BIRD COATHANGER 5 HOOK,5,45,10.00
"22111",SCOTTIE DOG HOT WATER BOTTLE,18,164,9.89
"21086",SET/6 RED SPOTTY PAPER CUPS,6,55,9.84
"20963",APPLE BATH SPONGE,4,37,9.76
"22028",PENNY FARTHING BIRTHDAY CARD,4,37,9.76
"22555",PLASTERS IN TIN MR STRONG ,10,93,9.71
"20992",JAZZ HEARTS PURSE NOTEBOOK,3,28,9.68
"21067",VINTAGE RED TEATIME MUG,3,28,9.68
"22434",BALLOON PUMP WITH 10 BALLOONS,3,28,9.68
"22565",FELTCRAFT HAIRBANDS PINK + WHITE ,3,28,9.68
"22158","3 HEARTS HANGING DECORATION RUSTIC",8,75,9.64
"22156",HEART DECORATION WITH PEARLS ,5,47,9.62
"22197","POPCORN HOLDER , SMALL ",13,123,9.56
"16235",RECYCLED PENCIL WITH RABBIT ERASER,2,19,9.52
"22689",DOORMAT MERRY CHRISTMAS RED ,2,19,9.52
"84985A",SET OF 72 GREEN PAPER DOILIES,2,19,9.52
"10002",INFLATABLE POLITICAL GLOBE ,5,48,9.43
"21982",PACK OF 12 SUKI TISSUES ,5,48,9.43
"22563",HAPPY STENCIL CRAFT,5,48,9.43
"22274",FELTCRAFT DOLL EMILY,8,77,9.41
"22534",MAGIC DRAWING SLATE SPACEBOY ,8,77,9.41
"21330",WOODLAND ANIMAL  WRITING SET ,3,29,9.38
"21741",COSY SLIPPER SHOES LARGE GREEN,3,29,9.38
"22457",NATURAL SLATE HEART CHALKBOARD ,13,126,9.35
"22536",MAGIC DRAWING SLATE FIDO,4,39,9.30
"21668",RED STRIPE CERAMIC DRAWER KNOB,5,49,9.26
"22530",MAGIC DRAWING SLATE DOLLY GIRL ,5,49,9.26
"84032A",CHARLIE+LOLA PINK HOT WATER BOTTLE,5,49,9.26
"22556",PLASTERS IN TIN CIRCUS PARADE ,12,118,9.23
"20669",RED HEART LUGGAGE TAG,2,20,9.09
"20960",WATERMELON BATH SPONGE,3,30,9.09
"20973","12 PENCIL SMALL TUBE WOODLAND",5,50,9.09
"20974","12 PENCILS SMALL TUBE SKULL",7,70,9.09
"21201",TROPICAL  HONEYCOMB PAPER GARLAND ,2,20,9.09
"21204",DAISIES  HONEYCOMB GARLAND ,2,20,9.09
"21653",GLASS ETCHED T-LIGHT HOLDER LARGE,2,20,9.09
"21902","KEY FOB , FRONT  DOOR ",5,50,9.09
"22035",VINTAGE CARAVAN GREETING CARD ,3,30,9.09
"22338",STAR DECORATION PAINTED ZINC ,2,20,9.09
"22449",SILK PURSE BABUSHKA PINK,3,30,9.09
"22564",ALPHABET STENCIL CRAFT,3,30,9.09
"22714",CARD BIRTHDAY COWBOY,2,20,9.09
"79320", FLAMINGO LIGHTS,2,20,9.09
"84029G",KNITTED UNION FLAG HOT WATER BOTTLE,10,100,9.09
"85226C",BLUE PULL BACK RACING CAR,2,20,9.09
"22595",CHRISTMAS GINGHAM HEART,6,61,8.96
"35970",ZINC FOLKART SLEIGH BELLS,5,51,8.93
"22171","3 HOOK PHOTO SHELF ANTIQUE WHITE",4,41,8.89
"22480",RED TEA TOWEL CLASSIC DESIGN,4,41,8.89
"79323P",PINK CHERRY LIGHTS,4,41,8.89
"21877",HOME SWEET HOME MUG,6,62,8.82
"22604",SET OF 4 NAPKIN CHARM CUTLERY,3,31,8.82
"72800E","4 IVORY DINNER CANDLES SILVER FLOCK",3,31,8.82
"84990","60 GOLD AND SILVER FAIRY CAKE CASES",3,31,8.82
"82482",WOODEN PICTURE FRAME WHITE FINISH,11,115,8.73
"20671",BLUE TEATIME PRINT BOWL ,2,21,8.70
"20961",STRAWBERRY BATH SPONGE ,4,42,8.70
"21478",SILVER SKULL HOT WATER BOTTLE ,2,21,8.70
"21651",HANGING GLASS ETCHED TEALIGHT,2,21,8.70
"22402",MAGNETS PACK OF 4 VINTAGE COLLAGE,2,21,8.70
"22416","36 DOILIES SPACEBOY DESIGN ",2,21,8.70
"22437",SET OF 9 BLACK SKULL BALLOONS,4,42,8.70
"22592",CARDHOLDER HOLLY WREATH METAL,4,42,8.70
"22626",BLACK KITCHEN SCALES,2,21,8.70
"22492",MINI PAINT SET VINTAGE ,7,74,8.64
"22623",BOX OF VINTAGE JIGSAW BLOCKS ,5,53,8.62
"22075","6 RIBBONS ELEGANT CHRISTMAS ",3,32,8.57
"22531",MAGIC DRAWING SLATE CIRCUS PARADE  ,4,43,8.51
"22435",SET OF 9 HEART SHAPED BALLOONS,5,54,8.47
"15044A",PINK PAPER PARASOL ,2,22,8.33
"20956",PORCELAIN T-LIGHT HOLDERS ASSORTED,2,22,8.33
"22221",CAKE STAND LOVEBIRD 2 TIER PINK,2,22,8.33
"22279",POCKET BAG BLUE PAISLEY RED SPOT,2,22,8.33
"22441",GROW YOUR OWN BASIL IN ENAMEL MUG,4,44,8.33
"22653",BUTTON BOX ,2,22,8.33
"22755",SMALL PURPLE BABUSHKA NOTEBOOK ,4,44,8.33
"51014A","FEATHER PEN,HOT PINK",2,22,8.33
"22121",NOEL WOODEN BLOCK LETTERS ,6,67,8.22
"22637",PIGGY BANK RETROSPOT ,5,56,8.20
"18098C",PORCELAIN BUTTERFLY OIL BURNER,3,34,8.11
"21205",MULTICOLOUR 3D BALLS GARLAND,2,23,8.00
"21448","12 DAISY PEGS IN WOOD BOX",2,23,8.00
"21509",COWBOYS AND INDIANS BIRTHDAY CARD ,4,46,8.00
"22081",RIBBON REEL FLORA + FAUNA ,2,23,8.00
"22474",SPACEBOY TV DINNER TRAY,2,23,8.00
"22602",CHRISTMAS RETROSPOT HEART WOOD,4,46,8.00
"22675",FRENCH KITCHEN SIGN BLUE METAL,2,23,8.00
"22187",GREEN CHRISTMAS TREE CARD HOLDER,3,35,7.89
"22082",RIBBON REEL STRIPES DESIGN ,10,117,7.87
"85049E",SCANDINAVIAN REDS RIBBONS,7,82,7.87
"21669",BLUE STRIPE CERAMIC DRAWER KNOB,4,47,7.84
"21186",WHITE DOVE HONEYCOMB PAPER GARLAND,5,60,7.69
"21327",SKULLS WRITING SET ,3,36,7.69
"21587",COSY HOUR GIANT TUBE MATCHES,5,60,7.69
"21818",GLITTER CHRISTMAS HEART ,3,36,7.69
"22312",OFFICE MUG WARMER POLKADOT,2,24,7.69
"22410",MONEY BOX HOUSEKEEPING DESIGN,2,24,7.69
"22454",MEASURING TAPE BABUSHKA RED,2,24,7.69
"22580",ADVENT CALENDAR GINGHAM SACK,4,49,7.55
"22551",PLASTERS IN TIN SPACEBOY,11,135,7.53
"22569",FELTCRAFT CUSHION BUTTERFLY,6,74,7.50
"37450",CERAMIC CAKE BOWL + HANGING CAKES,3,37,7.50
"22456",NATURAL SLATE CHALKBOARD LARGE ,5,62,7.46
"21430",SET/3 RED GINGHAM ROSE STORAGE BOX,4,50,7.41
"21484",CHICK GREY HOT WATER BOTTLE,6,75,7.41
"21819",GLITTER CHRISTMAS STAR ,2,25,7.41
"21824",PAINTED METAL STAR WITH HOLLY BELLS,2,25,7.41
"22046",TEA PARTY  WRAPPING PAPER ,2,25,7.41
"22699",ROSES REGENCY TEACUP AND SAUCER ,5,63,7.35
"22548",HEADS AND TAILS SPORTING FUN,3,38,7.32
"22071",SMALL RETRO SPOT MUG IN BOX  WHITE,2,26,7.14
"22152",PLACE SETTING WHITE STAR,2,26,7.14
"22186",RED STAR CARD HOLDER,3,39,7.14
"22425",ENAMEL COLANDER CREAM,2,26,7.14
"22122",SET OF 2 FANCY FONT TEA TOWELS,2,27,6.90
"22692",DOORMAT WELCOME TO OUR HOME,2,27,6.90
"21787",RAIN PONCHO RETROSPOT,3,41,6.82
"22145",CHRISTMAS CRAFT HEART STOCKING ,3,41,6.82
"85048","15CM CHRISTMAS GLASS BALL 20 LIGHTS",3,41,6.82
"22567","20 DOLLY PEGS RETROSPOT",4,55,6.78
"16161P",WRAP ENGLISH ROSE ,3,42,6.67
"20716",PARTY FOOD SHOPPER BAG,2,28,6.67
"21063",PARTY INVITES JAZZ HEARTS,2,28,6.67
"21806",WHITE CHRISTMAS HEART DECORATION,2,28,6.67
"22424",ENAMEL BREAD BIN CREAM,3,42,6.67
"22572",ROCKING HORSE GREEN CHRISTMAS ,2,28,6.67
"22577",WOODEN HEART CHRISTMAS SCANDINAVIAN,4,57,6.56
"21011",GLITTER SNOW PEAR TREE DECORATION,2,29,6.45
"21743",STAR PORTABLE TABLE LIGHT ,2,29,6.45
"22589",CARDHOLDER GINGHAM STAR,2,29,6.45
"22704",WRAP RED APPLES ,2,29,6.45
"85199S",SMALL HANGING IVORY/RED WOOD BIRD,2,29,6.45
"22754",SMALL RED BABUSHKA NOTEBOOK ,3,44,6.38
"22130",PARTY CONE CHRISTMAS DECORATION ,4,59,6.35
"21491",SET OF THREE VINTAGE GIFT WRAPS,3,45,6.25
"22301",COFFEE MUG CAT + BIRD DESIGN,4,60,6.25
"22594",CHRISTMAS GINGHAM TREE,3,45,6.25
"22086",PAPER CHAIN KIT 50'S CHRISTMAS ,11,168,6.15
"22665",RECIPE BOX BLUE SKETCHBOOK DESIGN,4,61,6.15
"84754",S/15 SILVER GLASS BAUBLES IN BAG,2,31,6.06
"22575",METAL MERRY CHRISTMAS WREATH,3,47,6.00
"84029E",RED WOOLLY HOTTIE WHITE HEART.,8,127,5.93
"21143",ANTIQUE GLASS HEART DECORATION ,2,32,5.88
"22024",RAINY LADIES BIRTHDAY CARD,2,32,5.88
"85049A",TRADITIONAL CHRISTMAS RIBBONS,4,66,5.71
"22466",FAIRY TALE COTTAGE NIGHTLIGHT,2,34,5.56
"22666",RECIPE BOX PANTRY YELLOW DESIGN,6,103,5.50
"22568",FELTCRAFT CUSHION OWL,4,70,5.41
"22662",LUNCH BAG DOLLY GIRL DESIGN,3,53,5.36
"22616",PACK OF 12 LONDON TISSUES ,3,54,5.26
"22668",PINK BABY BUNTING,2,36,5.26
"20712",JUMBO BAG WOODLAND ANIMALS,4,73,5.19
"22639",SET OF 4 NAPKIN CHARMS HEARTS,2,37,5.13
"22645",CERAMIC HEART CAKE MONEY BANK,4,74,5.13
"21671",RED SPOT CERAMIC DRAWER KNOB,3,56,5.08
"35400",WOODEN BOX ADVENT CALENDAR ,3,56,5.08
"21062",PARTY INVITES SPACEMAN,1,19,5.00
"22659",LUNCH BOX I LOVE LONDON,3,57,5.00
"84534B",FAIRY CAKE NOTEBOOK A5 SIZE,1,19,5.00
"22451",SILK PURSE BABUSHKA RED,2,39,4.88
"22698",PINK REGENCY TEACUP AND SAUCER,2,39,4.88
"22588",CARD HOLDER GINGHAM HEART,3,59,4.84
"21094",SET/6 RED SPOTTY PAPER PLATES,3,60,4.76
"21804",WHITE CHRISTMAS GARLAND STARS TREES,1,20,4.76
"22593",CHRISTMAS GINGHAM STAR,2,40,4.76
"22694",WICKER STAR ,5,100,4.76
"79066K",RETRO MOD TRAY,1,20,4.76
"84347",ROTATING SILVER ANGELS T-LIGHT HLDR,3,60,4.76
"22601",CHRISTMAS RETROSPOT ANGEL WOOD,2,42,4.55
"22414",DOOR MAT NEIGHBOURHOOD WITCH ,1,22,4.35
"22663",JUMBO BAG DOLLY GIRL DESIGN,2,44,4.35
"21071",VINTAGE BILLBOARD DRINK ME MUG,2,45,4.26
"22630",DOLLY GIRL LUNCH BOX,3,68,4.23
"21744",SNOWFLAKE PORTABLE TABLE LIGHT ,1,23,4.17
"21351",CINAMMON & ORANGE WREATH,1,24,4.00
"21817",GLITTER CHRISTMAS TREE,1,24,4.00
"82567","AIRLINE LOUNGE,METAL SIGN",1,24,4.00
"22631",CIRCUS PARADE LUNCH BOX ,2,49,3.92
"21967",PACK OF 12 SKULL TISSUES,2,50,3.85
"22695",WICKER WREATH SMALL,1,25,3.85
"21768",WALL MOUNTED VINTAGE ORGANISER,1,26,3.70
"22712",CARD DOLLY GIRL ,1,26,3.70
"21116",OWL DOORSTOP,1,27,3.57
"22141",CHRISTMAS CRAFT TREE TOP ANGEL,1,27,3.57
"22422",TOOTHPASTE TUBE PEN,1,27,3.57
"22667",RECIPE BOX RETRO SPOT DESIGN,3,81,3.57
"20668",DISCO BALL CHRISTMAS DECORATION,1,28,3.45
"22450",SILK PURSE BABUSHKA BLUE,1,28,3.45
"22614",PACK OF 12 SPACEBOY TISSUES,1,28,3.45
"84030E",ENGLISH ROSE HOT WATER BOTTLE,1,28,3.45
"22571",ROCKING HORSE RED CHRISTMAS ,2,57,3.39
"22142",CHRISTMAS CRAFT WHITE FAIRY ,1,29,3.33
"22753",SMALL YELLOW BABUSHKA NOTEBOOK ,1,29,3.33
"22619", SET Of 6 SOLDIER SKITTLES,2,59,3.28
"22697",GREEN REGENCY TEACUP AND SAUCER,2,59,3.28
"22154",ANGEL DECORATION 3 BUTTONS ,1,31,3.13
"22113",GREY HEART HOT WATER BOTTLE,3,96,3.03
"22468",BABUSHKA LIGHTS STRING OF 10,1,32,3.03
"22603",CHRISTMAS RETROSPOT TREE WOOD,1,32,3.03
"22670",FRENCH WC SIGN BLUE METAL,1,32,3.03
"22696",WICKER WREATH LARGE,1,32,3.03
"21098",CHRISTMAS TOILET ROLL,2,65,2.99
"22174",PHOTO CUBE,1,33,2.94
"22193",RED DINER WALL CLOCK,1,33,2.94
"22581",WOOD STOCKING CHRISTMAS SCANDISPOT,1,34,2.86
"84558A","3D DOG PICTURE PLAYING CARDS",1,34,2.86
"21934",SKULL SHOULDER BAG,1,35,2.78
"21428",SET3 BOOK BOX GREEN GINGHAM FLOWER ,1,36,2.70
"22063",CERAMIC BOWL WITH STRAWBERRY DESIGN,1,37,2.63
"22586",FELTCRAFT HAIRBAND PINK AND BLUE,1,38,2.56
"22467",GUMBALL COAT RACK,2,81,2.41
"22579",WOODEN TREE CHRISTMAS SCANDINAVIAN,1,42,2.33
"22600",CHRISTMAS RETROSPOT STAR WOOD,1,42,2.33
"22574",HEART WOODEN CHRISTMAS DECORATION,1,45,2.17
"22851",SET 20 NAPKINS FAIRY CAKES DESIGN ,1,45,2.17
"21479",WHITE SKULL HOT WATER BOTTLE ,2,91,2.15
"22752",SET 7 BABUSHKA NESTING BOXES,1,74,1.33
"22629",SPACEBOY LUNCH BOX ,1,81,1.22
"22759",SET OF 3 NOTEBOOKS IN PARCEL,1,83,1.19
"20967",GREY FLORAL FELTCRAFT SHOULDER BAG,0,49,0.00
"21211",SET OF 72 SKULL PAPER  DOILIES,0,28,0.00
"21836",GINGHAM OVEN GLOVE RED HEART ,0,22,0.00
"22049",WRAP CHRISTMAS SCREEN PRINT,0,23,0.00
"22144",CHRISTMAS CRAFT LITTLE FRIENDS,0,32,0.00
"22153",ANGEL DECORATION STARS ON DRESS,0,20,0.00
"22157",ANGEL DECORATION WITH LACE PADDED,0,27,0.00
"22576",SWALLOW WOODEN CHRISTMAS DECORATION,0,41,0.00
"22578",WOODEN STAR CHRISTMAS SCANDINAVIAN,0,59,0.00
"22587",FELTCRAFT HAIRBAND RED AND BLUE,0,35,0.00
"22632",HAND WARMER RED POLKA DOT,0,88,0.00
"22633",HAND WARMER UNION JACK,0,86,0.00
"22652",TRAVEL SEWING KIT,0,86,0.00
"22654",DELUXE SEWING KIT ,0,47,0.00
"22660",DOORMAT I LOVE LONDON,0,22,0.00
"22671",FRENCH LAUNDRY SIGN BLUE METAL,0,27,0.00
"22672",FRENCH BATHROOM SIGN BLUE METAL,0,29,0.00
"22690",DOORMAT HOME SWEET HOME BLUE ,0,30,0.00
"22708",WRAP DOLLY GIRL,0,20,0.00
"22725",ALARM CLOCK BAKELIKE CHOCOLATE,0,22,0.00
"22726",ALARM CLOCK BAKELIKE GREEN,0,56,0.00
"22727",ALARM CLOCK BAKELIKE RED ,0,75,0.00
"22728",ALARM CLOCK BAKELIKE PINK,0,44,0.00
"22729",ALARM CLOCK BAKELIKE ORANGE,0,40,0.00
"22730",ALARM CLOCK BAKELIKE IVORY,0,32,0.00
"22731","3D CHRISTMAS STAMPS STICKERS ",0,24,0.00
"22732","3D STICKERS VINTAGE CHRISTMAS",0,40,0.00
"22733","3D STICKERS TRADITIONAL CHRISTMAS ",0,37,0.00
"22734",SET OF 6 RIBBONS VINTAGE CHRISTMAS,0,70,0.00
"22736",RIBBON REEL MAKING SNOWMEN ,0,43,0.00
"22737",RIBBON REEL CHRISTMAS PRESENT ,0,50,0.00
"22738",RIBBON REEL SNOWY VILLAGE,0,42,0.00
"22739",RIBBON REEL CHRISTMAS SOCK BAUBLE,0,50,0.00
"22740",POLKA DOT PEN,0,21,0.00
"22743",MAKE YOUR OWN FLOWERPOWER CARD KIT,0,32,0.00
"22744",MAKE YOUR OWN MONSOON CARD KIT,0,31,0.00
"22745",POPPY'S PLAYHOUSE BEDROOM ,0,56,0.00
"22746",POPPY'S PLAYHOUSE LIVINGROOM ,0,62,0.00
"22747",POPPY'S PLAYHOUSE BATHROOM,0,44,0.00
"22748",POPPY'S PLAYHOUSE KITCHEN,0,69,0.00
"22749",FELTCRAFT PRINCESS CHARLOTTE DOLL,0,57,0.00
"22750",FELTCRAFT PRINCESS LOLA DOLL,0,60,0.00
"22751",FELTCRAFT PRINCESS OLIVIA DOLL,0,39,0.00
"22757",LARGE RED BABUSHKA NOTEBOOK ,0,29,0.00
"22758",LARGE PURPLE BABUSHKA NOTEBOOK  ,0,28,0.00
"22766",PHOTO FRAME CORNICE,0,32,0.00
"22776","CAKESTAND, 3 TIER, LOVEHEART",0,38,0.00
"22795",SWEETHEART RECIPE BOOK STAND,0,27,0.00
"22796",PHOTO FRAME 3 CLASSIC HANGING,0,21,0.00
"22800",ANTIQUE TALL SWIRLGLASS TRINKET POT,0,25,0.00
"22804",CANDLEHOLDER PINK HANGING HEART,0,48,0.00
"22807",SET OF 6 T-LIGHTS TOADSTOOLS,0,24,0.00
"22809",SET OF 6 T-LIGHTS SANTA,0,48,0.00
"22810",SET OF 6 T-LIGHTS SNOWMEN,0,43,0.00
"22812",PACK 3 BOXES CHRISTMAS PANNETONE,0,56,0.00
"22813",PACK 3 BOXES BIRD PANNETONE ,0,37,0.00
"22816",CARD MOTORBIKE SANTA,0,37,0.00
"22818",CARD CHRISTMAS VILLAGE,0,37,0.00
"22834",HAND WARMER BABUSHKA DESIGN,0,52,0.00
"22835",HOT WATER BOTTLE I AM SO POORLY,0,76,0.00
"22837",HOT WATER BOTTLE BABUSHKA ,0,61,0.00
"22838","3 TIER CAKE TIN RED AND CREAM",0,26,0.00
"22840","CAKE TIN, ROUND, VINTAGE RED,CREAM",0,39,0.00
"22842",BISCUIT TIN VINTAGE RED,0,21,0.00
"22847",BREAD BIN DINER STYLE IVORY,0,23,0.00
"22855",FINE WICKER HEART ,0,35,0.00
"22862",LOVE HEART NAPKIN BOX ,0,28,0.00
"22865",HAND WARMER OWL DESIGN,0,109,0.00
"22866",HAND WARMER SCOTTY DOG DESIGN,0,113,0.00
"22867",HAND WARMER BIRD DESIGN,0,115,0.00
"22892",SALT AND PEPPER SHAKERS TOADSTOOLS,0,21,0.00
"22895",SET OF 2 TEA TOWELS APPLE AND PEARS,0,34,0.00
"22898",CHILDRENS APRON APPLE DESIGN,0,28,0.00
"22899",CHILDREN'S APRON DOLLY GIRL ,0,24,0.00
"22900", SET 2 TEA TOWELS I LOVE LONDON ,0,34,0.00
"22904",CALENDAR PAPER CUT DESIGN,0,34,0.00
"22906","12 MESSAGE CARDS WITH ENVELOPES",0,41,0.00
"22907",PACK OF 20 NAPKINS PANTRY DESIGN,0,34,0.00
"22908",PACK OF 20 NAPKINS RED APPLES,0,26,0.00
"22909",SET OF 20 VINTAGE CHRISTMAS NAPKINS,0,93,0.00
"22910",PAPER CHAIN KIT VINTAGE CHRISTMAS,0,121,0.00
"22940",FELTCRAFT CHRISTMAS FAIRY,0,57,0.00
"22941",CHRISTMAS LIGHTS 10 REINDEER,0,42,0.00
"22942",CHRISTMAS LIGHTS 10 SANTAS ,0,24,0.00
"22943",CHRISTMAS LIGHTS 10 VINTAGE BAUBLES,0,33,0.00
"22945",CHRISTMAS METAL TAGS ASSORTED ,0,41,0.00
"22946",WOODEN ADVENT CALENDAR CREAM,0,32,0.00
"22950","36 DOILIES VINTAGE CHRISTMAS",0,26,0.00
"22951","60 CAKE CASES DOLLY GIRL DESIGN",0,38,0.00
"22952","60 CAKE CASES VINTAGE CHRISTMAS",0,97,0.00
"22959",WRAP CHRISTMAS VILLAGE,0,37,0.00
"22961",JAM MAKING SET PRINTED,0,22,0.00
"22966",GINGERBREAD MAN COOKIE CUTTER,0,24,0.00
"22968",ROSE COTTAGE KEEPSAKE BOX ,0,32,0.00
"22969",HOMEMADE JAM SCENTED CANDLES,0,21,0.00
"22983",CARD BILLBOARD FONT,0,25,0.00
"72799E",IVORY PILLAR CANDLE SILVER FLOCK,0,22,0.00
"84352",SILVER CHRISTMAS TREE BAUBLE STAND ,0,23,0.00
"85226A",WHITE/BLUE PULL BACK RACING CAR,0,22,0.00
"85227",SET OF 6 3D KIT CARDS FOR KIDS,0,29,0.00
